claim_id,subsystem,address,working_symbol,claim,source_id,evidence_locator,confidence,confirmed_by_observation,implementation_status,test_target,open_question_id
RNG-001,rng,00454C70,random_below_ebx_candidate,Bound is supplied in EBX; zero returns zero; large bounds append CRT rand decimal digits and final selection uses modulo.,EXP-CI01,function body and callers,proven,no,oracle:partial; core:placeholder,RNG-LEGACY-001,"4,4b"
RNG-002,rng,00454E80,weighted_roll_candidate,"Weights are summed, cumulative selection is used, and optional removal zeroes every entry with the selected value.",EXP-CI01,function body,proven,no,oracle:partial; core:partial,RNG-WEIGHT-001,"6,6b"
PROG-001,progression,00432660,calculate_unit_level_from_experience_candidate,Ordinary-unit level is calculated from experience and capped at 30.,EXP-CI06,function body,proven,no,oracle:partial; core:partial,XP-LEVEL-001,
PROG-002,progression,00432B60,choose_unit_level_upgrade_candidate,"Uses six candidates per static level row, prerequisites, prior-selection weighting and the legacy weighted roller.",EXP-CI06,function body and constructor caller,proven,no,oracle:partial; core:partial,LEVELUP-SELECT-001,6
PROG-003,progression,00433130,apply_unit_level_upgrade_candidate,Ordinary upgrade preserves absolute missing life; modifier 0x3E performs unit-definition replacement and level recalculation.,EXP-CI06,function body,proven,no,oracle:partial; core:partial,LEVELUP-APPLY-001,
LAYOUT-001,layout,004331F0,construct_unit_instance_candidate,"EadorUnitInstancePartial is 0xA4 with 30 level-upgrade IDs, three attachment IDs and hero_state at +0xA0.",EXP-CI06,constructor and static-size checks,proven,n-a,header:schema14,LAYOUT-UNIT-001,
MOD-001,modifiers,00432950,sum_unit_instance_modifiers_candidate,"Persistent instance contribution includes selected upgrades, attachments and personal hero context.",EXP-CI01,function body,proven,no,oracle:partial; core:partial,MOD-INSTANCE-001,7
MOD-002,modifiers,004A2690,sum_commander_aura_modifiers_candidate,Commander aura uses a distinct data channel from personal hero modifiers.,EXP-CI06,function body and comparison with 004A1F90,strong inference,no,oracle:partial; core:open,MOD-AURA-001,"D1,D6"
DMG-001,damage,004CEC40,resolve_attack_against_defence_candidate,"Legacy power spread, defence subtraction and minimum-damage chance are fully recovered.",EXP-CI04,function body and assembly,proven,no,oracle:implemented; core:implemented,DAMAGE-BASE-001,
DMG-002,damage,004D2E60,calculate_melee_or_counterattack_damage_candidate,Calculates ordinary attack or counterattack using custom register storage and modifier-specific defence/resistance branches.,EXP-CI05,function body and callers,proven,no,oracle:partial; core:partial,DAMAGE-MELEE-001,"7,9"
DMG-003,damage,004D2DA0,calculate_ranged_attack_damage_candidate,Calculates ranged damage against ranged defence or resistance and exposes modifier-dependent branches.,EXP-CI05,function body and callers,proven,no,oracle:partial; core:partial,DAMAGE-RANGED-001,"9,D4"
COMBAT-001,combat,004DCD90,execute_melee_attack_exchange_candidate,"Performs approach movement, possible defender first strike, primary melee attack and possible retaliation; secondary effects precede primary life subtraction.",EXP-CI11,complete listing,proven,no,oracle:partial; core:partial,MELEE-ORDER-001,"10,13"
COMBAT-002,combat,004D7050,execute_ranged_attack_candidate,"Performs shot-count selection, ammo use, ranged damage, on-hit modifiers, damage-channel application, stamina cost and activation end.",EXP-CI10,complete listing,proven,no,oracle:partial; core:partial,RANGED-EXEC-001,"12,D4"
COMBAT-003,combat,004D9800,process_melee_or_counterattack_secondary_effects_candidate,"Processes melee hit drains, debuffs, triggered actions, adjacent attacks and damage-proportional healing.",EXP-CI07,function body and EXP-CI11 callers,strong inference,no,oracle:open; core:open,MELEE-SECONDARY-001,"D1,D2"
DMG-004,damage,004D61E0,apply_damage_to_battle_unit_candidate,"Increments one of four damage channels, removes remove-on-damage nodes, subtracts life, resolves death and applies large-hit morale except on channel 3.",EXP-CI07,function body,proven,no,oracle:partial; core:partial,DAMAGE-SINK-001,D4
STATUS-001,runtime_effects,004CEC00,initialize_runtime_modifier_node_candidate,Initializes a 0x20 doubly linked runtime node and inserts it at the head.,EXP-CI07,function body,proven,no,oracle:implemented; core:missing,STATUS-NODE-001,D3
MORALE-001,morale,004D0A70,adjust_battle_unit_morale_candidate,Modifier 0x13 blocks adjustment; underflow raises a break accumulator in ten-point steps and clamps current morale to zero.,EXP-CI07,function body,proven,no,oracle:partial; core:partial,MORALE-ADJUST-001,8
DEATH-001,death,004D1D30,resolve_battle_unit_death_candidate,"Handles adjacent morale, revival, transformation rollback, replacement, persistent/battle-owned cleanup and reward statistics.",EXP-CI08,function body,proven,no,oracle:open; core:open,DEATH-LIFECYCLE-001,D5
CONTROL-001,control,004D1BF0,transfer_battle_unit_to_opposite_side_slot_candidate,"Copies a full tactical record to an opposite-side slot, preserves slot-local UI state and clears the source record.",EXP-CI09,function body and assembly,proven,no,oracle:open; core:open,CONTROL-TRANSFER-001,D5
GRID-001,battlefield,004CE9E0,collect_adjacent_battle_units_candidate,Collects the six living adjacent units on an odd-row offset hex grid from a 37-slot side roster.,EXP-CI08,function body,proven,no,oracle:implemented; core:implemented,GRID-ADJ-001,2
FORMATION-001,battlefield,004E4660,initialize_army_battle_formation_candidate,"Uses persistent formation coordinates, resolves collisions and mirrors X for the opposing side as 7-X.",EXP-CI09,function body,strong inference,no,oracle:partial; core:partial,FORMATION-001,2
ACTION-001,battle_actions,004D7A20~,apply_battle_action_to_unit_candidate,"Processes eight effect clauses with hero magnitude/aux scaling, target resistance scaling, runtime-effect merging and special effect branches.",EXP-CI10,large dispatcher listing,strong inference,no,oracle:partial; core:open,ACTION-DISPATCH-001,"D2,D3"
PARSER-001,parser,0045EE00,read_var_token_to_eax_candidate,"Reads a token into hidden EAX buffer until ':' or ';', consumes delimiter, terminates and returns length.",EXP-CI05,function body and parser callers,strong inference,no,tools:partial,VAR-LEXER-001,
ECON-001,economy,00432E60,calculate_unit_gold_upkeep_candidate,"Combines base upkeep, three attachment deltas, percentage modifier 0x55 and flat modifier 0x36, then clamps to zero.",EXP-CI02,function body,proven,no,oracle:open; core:open,ECON-UPKEEP-001,
ECON-002,economy,0046B1D0/0046B2A0,calculate_unit_*_recruitment_cost_candidate,"Gold and gem recruitment use parallel base, ruler, resource-surcharge and route/distance pipelines.",EXP-CI02,function bodies,strong inference,no,oracle:open; core:open,ECON-RECRUIT-001,
ECON-003,economy,00456AF0/00458A90,calculate_province_*_income_candidate,"Province income combines population/development tier, active sites, ruler structures and stationed-army economic modifiers.",EXP-CI01,function bodies and provider helpers,strong inference,no,oracle:open; core:open,ECON-PROVINCE-001,
MORALE-002,morale,004D1890/004D1660/004D14A0,get_effective_battle_*attack_candidate,"All three offensive stats use the same absolute-morale curve. Above 15, bands begin at triangular offsets 16,18,21,25,30,36,43,51 and add 5 percentage points each. The pre-morale stat is integer-truncated before the bonus is applied.",EXP-R1-001;DOC-NH-MORALE,identical high-morale loops in all three function bodies; independent published triangular-widening table,proven,no,engine side pending/maintained separately,STATS-MORALE-001;STATS-MORALE-002,
REF-001,content references,0045EF60/004A1F90/00432950/004D7A20~,initialize_game_content_and_state and Effects consumers,"item.var, medal.var and spell.var Effects store direct effect/modifier opcodes in the namespace described by ability_num.Number. They are not unit_upg indexes or physical ability_num record indexes. unit.var Abilityes is a separate unit_upg-index namespace.",EXP-R2-001;DATA-VAR-FULL-20260804;DATA-ABILITY-NUM;DATA-ITEM;DATA-MEDAL;DATA-SPELL;DATA-UNIT;DATA-UNIT-UPG,"loader field writes; direct comparisons/dispatch; contrasting 0x58 unit_upg indexing; Knife, Medal for Courage and Magic Spark records",proven,no,engine side pending/maintained separately,VAR-REFERENCE-001,
LAYOUT-002,layout,0045EF60/00432950,medal definition loader and persistent modifier consumer,"The three persistent unit fields at +0x94, +0x98 and +0x9C index 0x88-byte medal.var records. Schema-14 attachment_ids is therefore a generic name for medal_ids; rename at the next schema checkpoint.",EXP-R2-001;DATA-MEDAL,medal.var loader allocation/stride and 00432950 three-slot consumer,proven,no,documentation complete; header rename deferred,LAYOUT-MEDAL-001,
